file,loc,bcdKey,featureName,baseline,mdn,advice
"packages/scanner/examples/app.css","3","css.properties.word-break.auto-phrase","word-break: auto-phrase","false","","Feature is not in Baseline. Consider a fallback or feature detect before using (css.properties.word-break.auto-phrase)."
"packages/scanner/examples/app.css","2","css.properties.display","Display","high","https://developer.mozilla.org/docs/Web/CSS/display","Widely Baseline. Generally safe; still test on your supported browsers."
"packages/scanner/examples/app.css","2","css.properties.display.grid","Grid","high","","Widely Baseline. Generally safe; still test on your supported browsers."
"packages/scanner/examples/app.css","3","css.properties.word-break","word-break","high","https://developer.mozilla.org/docs/Web/CSS/word-break","Widely Baseline. Generally safe; still test on your supported browsers."
"packages/scanner/examples/app.css","6","css.at-rules.container","Container queries","high","https://developer.mozilla.org/docs/Web/CSS/@container","Widely Baseline. Generally safe; still test on your supported browsers."
"packages/scanner/examples/app.css","7","css.properties.color","Color","high","https://developer.mozilla.org/docs/Web/CSS/color","Widely Baseline. Generally safe; still test on your supported browsers."
"packages/scanner/report.html","0","html.elements.head","<head>","high","https://developer.mozilla.org/docs/Web/HTML/Reference/Elements/head","Widely Baseline. Generally safe; still test on your supported browsers."
"packages/scanner/report.html","0","html.elements.body","<body>","high","https://developer.mozilla.org/docs/Web/HTML/Reference/Elements/body","Widely Baseline. Generally safe; still test on your supported browsers."
"packages/scanner/report.html","2","html.elements.html","<html>","high","https://developer.mozilla.org/docs/Web/HTML/Reference/Elements/html","Widely Baseline. Generally safe; still test on your supported browsers."
"packages/scanner/report.html","3","html.elements.meta","<meta>","high","https://developer.mozilla.org/docs/Web/HTML/Reference/Elements/meta","Widely Baseline. Generally safe; still test on your supported browsers."
"packages/scanner/report.html","4","html.elements.title","<title>","high","https://developer.mozilla.org/docs/Web/HTML/Reference/Elements/title","Widely Baseline. Generally safe; still test on your supported browsers."
"packages/scanner/report.html","5","html.elements.meta","<meta>","high","https://developer.mozilla.org/docs/Web/HTML/Reference/Elements/meta","Widely Baseline. Generally safe; still test on your supported browsers."
"packages/scanner/report.html","6","html.elements.style","<style>","high","https://developer.mozilla.org/docs/Web/HTML/Reference/Elements/style","Widely Baseline. Generally safe; still test on your supported browsers."
"packages/scanner/report.html","26","html.elements.h1","<h1> through <h6>","high","https://developer.mozilla.org/docs/Web/HTML/Reference/Elements/Heading_Elements","Widely Baseline. Generally safe; still test on your supported browsers."
"packages/scanner/report.html","28","html.elements.div","<div>","high","https://developer.mozilla.org/docs/Web/HTML/Reference/Elements/div","Widely Baseline. Generally safe; still test on your supported browsers."
"packages/scanner/report.html","28","html.elements.strong","<strong>","high","https://developer.mozilla.org/docs/Web/HTML/Reference/Elements/strong","Widely Baseline. Generally safe; still test on your supported browsers."
"packages/scanner/report.html","29","html.elements.div","<div>","high","https://developer.mozilla.org/docs/Web/HTML/Reference/Elements/div","Widely Baseline. Generally safe; still test on your supported browsers."
"packages/scanner/report.html","29","html.elements.strong","<strong>","high","https://developer.mozilla.org/docs/Web/HTML/Reference/Elements/strong","Widely Baseline. Generally safe; still test on your supported browsers."
"packages/scanner/report.html","29","html.elements.code","<code>","high","https://developer.mozilla.org/docs/Web/HTML/Reference/Elements/code","Widely Baseline. Generally safe; still test on your supported browsers."
"packages/scanner/report.html","30","html.elements.div","<div>","high","https://developer.mozilla.org/docs/Web/HTML/Reference/Elements/div","Widely Baseline. Generally safe; still test on your supported browsers."
"packages/scanner/report.html","31","html.elements.span","<span>","high","https://developer.mozilla.org/docs/Web/HTML/Reference/Elements/span","Widely Baseline. Generally safe; still test on your supported browsers."
"packages/scanner/report.html","32","html.elements.span","<span>","high","https://developer.mozilla.org/docs/Web/HTML/Reference/Elements/span","Widely Baseline. Generally safe; still test on your supported browsers."
"packages/scanner/report.html","33","html.elements.span","<span>","high","https://developer.mozilla.org/docs/Web/HTML/Reference/Elements/span","Widely Baseline. Generally safe; still test on your supported browsers."
"packages/scanner/report.html","36","html.elements.div","<div>","high","https://developer.mozilla.org/docs/Web/HTML/Reference/Elements/div","Widely Baseline. Generally safe; still test on your supported browsers."
"packages/scanner/report.html","37","html.elements.a","<a>","high","https://developer.mozilla.org/docs/Web/HTML/Reference/Elements/a","Widely Baseline. Generally safe; still test on your supported browsers."
"packages/scanner/report.html","37","html.elements.button","<button>","high","https://developer.mozilla.org/docs/Web/HTML/Reference/Elements/button","Widely Baseline. Generally safe; still test on your supported browsers."
"packages/scanner/report.html","39","html.elements.table","Tables","high","https://developer.mozilla.org/docs/Web/HTML/Reference/Elements/table","Widely Baseline. Generally safe; still test on your supported browsers."
"packages/scanner/report.html","40","html.elements.caption","Tables","high","https://developer.mozilla.org/docs/Web/HTML/Reference/Elements/caption","Widely Baseline. Generally safe; still test on your supported browsers."
"packages/scanner/report.html","41","html.elements.thead","Tables","high","https://developer.mozilla.org/docs/Web/HTML/Reference/Elements/thead","Widely Baseline. Generally safe; still test on your supported browsers."
"packages/scanner/report.html","42","html.elements.tr","Tables","high","https://developer.mozilla.org/docs/Web/HTML/Reference/Elements/tr","Widely Baseline. Generally safe; still test on your supported browsers."
"packages/scanner/report.html","43","html.elements.th","Tables","high","https://developer.mozilla.org/docs/Web/HTML/Reference/Elements/th","Widely Baseline. Generally safe; still test on your supported browsers."
"packages/scanner/report.html","44","html.elements.th","Tables","high","https://developer.mozilla.org/docs/Web/HTML/Reference/Elements/th","Widely Baseline. Generally safe; still test on your supported browsers."
"packages/scanner/report.html","45","html.elements.th","Tables","high","https://developer.mozilla.org/docs/Web/HTML/Reference/Elements/th","Widely Baseline. Generally safe; still test on your supported browsers."
"packages/scanner/report.html","46","html.elements.th","Tables","high","https://developer.mozilla.org/docs/Web/HTML/Reference/Elements/th","Widely Baseline. Generally safe; still test on your supported browsers."
"packages/scanner/report.html","47","html.elements.th","Tables","high","https://developer.mozilla.org/docs/Web/HTML/Reference/Elements/th","Widely Baseline. Generally safe; still test on your supported browsers."
"packages/scanner/report.html","48","html.elements.th","Tables","high","https://developer.mozilla.org/docs/Web/HTML/Reference/Elements/th","Widely Baseline. Generally safe; still test on your supported browsers."
"packages/scanner/report.html","49","html.elements.th","Tables","high","https://developer.mozilla.org/docs/Web/HTML/Reference/Elements/th","Widely Baseline. Generally safe; still test on your supported browsers."
"packages/scanner/report.html","52","html.elements.tbody","Tables","high","https://developer.mozilla.org/docs/Web/HTML/Reference/Elements/tbody","Widely Baseline. Generally safe; still test on your supported browsers."
"packages/scanner/report.html","54","html.elements.tr","Tables","high","https://developer.mozilla.org/docs/Web/HTML/Reference/Elements/tr","Widely Baseline. Generally safe; still test on your supported browsers."
"packages/scanner/report.html","55","html.elements.td","Tables","high","https://developer.mozilla.org/docs/Web/HTML/Reference/Elements/td","Widely Baseline. Generally safe; still test on your supported browsers."
"packages/scanner/report.html","55","html.elements.span","<span>","high","https://developer.mozilla.org/docs/Web/HTML/Reference/Elements/span","Widely Baseline. Generally safe; still test on your supported browsers."
"packages/scanner/report.html","56","html.elements.td","Tables","high","https://developer.mozilla.org/docs/Web/HTML/Reference/Elements/td","Widely Baseline. Generally safe; still test on your supported browsers."
"packages/scanner/report.html","56","html.elements.code","<code>","high","https://developer.mozilla.org/docs/Web/HTML/Reference/Elements/code","Widely Baseline. Generally safe; still test on your supported browsers."
"packages/scanner/report.html","57","html.elements.td","Tables","high","https://developer.mozilla.org/docs/Web/HTML/Reference/Elements/td","Widely Baseline. Generally safe; still test on your supported browsers."
"packages/scanner/report.html","58","html.elements.td","Tables","high","https://developer.mozilla.org/docs/Web/HTML/Reference/Elements/td","Widely Baseline. Generally safe; still test on your supported browsers."
"packages/scanner/report.html","59","html.elements.td","Tables","high","https://developer.mozilla.org/docs/Web/HTML/Reference/Elements/td","Widely Baseline. Generally safe; still test on your supported browsers."
"packages/scanner/report.html","59","html.elements.code","<code>","high","https://developer.mozilla.org/docs/Web/HTML/Reference/Elements/code","Widely Baseline. Generally safe; still test on your supported browsers."
"packages/scanner/report.html","60","html.elements.td","Tables","high","https://developer.mozilla.org/docs/Web/HTML/Reference/Elements/td","Widely Baseline. Generally safe; still test on your supported browsers."
"packages/scanner/report.html","61","html.elements.td","Tables","high","https://developer.mozilla.org/docs/Web/HTML/Reference/Elements/td","Widely Baseline. Generally safe; still test on your supported browsers."
"packages/scanner/report.html","63","html.elements.tr","Tables","high","https://developer.mozilla.org/docs/Web/HTML/Reference/Elements/tr","Widely Baseline. Generally safe; still test on your supported browsers."
"packages/scanner/report.html","64","html.elements.td","Tables","high","https://developer.mozilla.org/docs/Web/HTML/Reference/Elements/td","Widely Baseline. Generally safe; still test on your supported browsers."
"packages/scanner/report.html","64","html.elements.span","<span>","high","https://developer.mozilla.org/docs/Web/HTML/Reference/Elements/span","Widely Baseline. Generally safe; still test on your supported browsers."
"packages/scanner/report.html","65","html.elements.td","Tables","high","https://developer.mozilla.org/docs/Web/HTML/Reference/Elements/td","Widely Baseline. Generally safe; still test on your supported browsers."
"packages/scanner/report.html","65","html.elements.code","<code>","high","https://developer.mozilla.org/docs/Web/HTML/Reference/Elements/code","Widely Baseline. Generally safe; still test on your supported browsers."
"packages/scanner/report.html","66","html.elements.td","Tables","high","https://developer.mozilla.org/docs/Web/HTML/Reference/Elements/td","Widely Baseline. Generally safe; still test on your supported browsers."
"packages/scanner/report.html","67","html.elements.td","Tables","high","https://developer.mozilla.org/docs/Web/HTML/Reference/Elements/td","Widely Baseline. Generally safe; still test on your supported browsers."
"packages/scanner/report.html","68","html.elements.td","Tables","high","https://developer.mozilla.org/docs/Web/HTML/Reference/Elements/td","Widely Baseline. Generally safe; still test on your supported browsers."
"packages/scanner/report.html","68","html.elements.code","<code>","high","https://developer.mozilla.org/docs/Web/HTML/Reference/Elements/code","Widely Baseline. Generally safe; still test on your supported browsers."
"packages/scanner/report.html","69","html.elements.td","Tables","high","https://developer.mozilla.org/docs/Web/HTML/Reference/Elements/td","Widely Baseline. Generally safe; still test on your supported browsers."
"packages/scanner/report.html","69","html.elements.a","<a>","high","https://developer.mozilla.org/docs/Web/HTML/Reference/Elements/a","Widely Baseline. Generally safe; still test on your supported browsers."
"packages/scanner/report.html","70","html.elements.td","Tables","high","https://developer.mozilla.org/docs/Web/HTML/Reference/Elements/td","Widely Baseline. Generally safe; still test on your supported browsers."
"packages/scanner/report.html","72","html.elements.tr","Tables","high","https://developer.mozilla.org/docs/Web/HTML/Reference/Elements/tr","Widely Baseline. Generally safe; still test on your supported browsers."
"packages/scanner/report.html","73","html.elements.td","Tables","high","https://developer.mozilla.org/docs/Web/HTML/Reference/Elements/td","Widely Baseline. Generally safe; still test on your supported browsers."
"packages/scanner/report.html","73","html.elements.span","<span>","high","https://developer.mozilla.org/docs/Web/HTML/Reference/Elements/span","Widely Baseline. Generally safe; still test on your supported browsers."
"packages/scanner/report.html","74","html.elements.td","Tables","high","https://developer.mozilla.org/docs/Web/HTML/Reference/Elements/td","Widely Baseline. Generally safe; still test on your supported browsers."
"packages/scanner/report.html","74","html.elements.code","<code>","high","https://developer.mozilla.org/docs/Web/HTML/Reference/Elements/code","Widely Baseline. Generally safe; still test on your supported browsers."
"packages/scanner/report.html","75","html.elements.td","Tables","high","https://developer.mozilla.org/docs/Web/HTML/Reference/Elements/td","Widely Baseline. Generally safe; still test on your supported browsers."
"packages/scanner/report.html","76","html.elements.td","Tables","high","https://developer.mozilla.org/docs/Web/HTML/Reference/Elements/td","Widely Baseline. Generally safe; still test on your supported browsers."
"packages/scanner/report.html","77","html.elements.td","Tables","high","https://developer.mozilla.org/docs/Web/HTML/Reference/Elements/td","Widely Baseline. Generally safe; still test on your supported browsers."
"packages/scanner/report.html","77","html.elements.code","<code>","high","https://developer.mozilla.org/docs/Web/HTML/Reference/Elements/code","Widely Baseline. Generally safe; still test on your supported browsers."
"packages/scanner/report.html","78","html.elements.td","Tables","high","https://developer.mozilla.org/docs/Web/HTML/Reference/Elements/td","Widely Baseline. Generally safe; still test on your supported browsers."
"packages/scanner/report.html","79","html.elements.td","Tables","high","https://developer.mozilla.org/docs/Web/HTML/Reference/Elements/td","Widely Baseline. Generally safe; still test on your supported browsers."
"packages/scanner/report.html","81","html.elements.tr","Tables","high","https://developer.mozilla.org/docs/Web/HTML/Reference/Elements/tr","Widely Baseline. Generally safe; still test on your supported browsers."
"packages/scanner/report.html","82","html.elements.td","Tables","high","https://developer.mozilla.org/docs/Web/HTML/Reference/Elements/td","Widely Baseline. Generally safe; still test on your supported browsers."
"packages/scanner/report.html","82","html.elements.span","<span>","high","https://developer.mozilla.org/docs/Web/HTML/Reference/Elements/span","Widely Baseline. Generally safe; still test on your supported browsers."
"packages/scanner/report.html","83","html.elements.td","Tables","high","https://developer.mozilla.org/docs/Web/HTML/Reference/Elements/td","Widely Baseline. Generally safe; still test on your supported browsers."
"packages/scanner/report.html","83","html.elements.code","<code>","high","https://developer.mozilla.org/docs/Web/HTML/Reference/Elements/code","Widely Baseline. Generally safe; still test on your supported browsers."
"packages/scanner/report.html","84","html.elements.td","Tables","high","https://developer.mozilla.org/docs/Web/HTML/Reference/Elements/td","Widely Baseline. Generally safe; still test on your supported browsers."
"packages/scanner/report.html","85","html.elements.td","Tables","high","https://developer.mozilla.org/docs/Web/HTML/Reference/Elements/td","Widely Baseline. Generally safe; still test on your supported browsers."
"packages/scanner/report.html","86","html.elements.td","Tables","high","https://developer.mozilla.org/docs/Web/HTML/Reference/Elements/td","Widely Baseline. Generally safe; still test on your supported browsers."
"packages/scanner/report.html","86","html.elements.code","<code>","high","https://developer.mozilla.org/docs/Web/HTML/Reference/Elements/code","Widely Baseline. Generally safe; still test on your supported browsers."
"packages/scanner/report.html","87","html.elements.td","Tables","high","https://developer.mozilla.org/docs/Web/HTML/Reference/Elements/td","Widely Baseline. Generally safe; still test on your supported browsers."
"packages/scanner/report.html","87","html.elements.a","<a>","high","https://developer.mozilla.org/docs/Web/HTML/Reference/Elements/a","Widely Baseline. Generally safe; still test on your supported browsers."
"packages/scanner/report.html","88","html.elements.td","Tables","high","https://developer.mozilla.org/docs/Web/HTML/Reference/Elements/td","Widely Baseline. Generally safe; still test on your supported browsers."
"packages/scanner/report.html","90","html.elements.tr","Tables","high","https://developer.mozilla.org/docs/Web/HTML/Reference/Elements/tr","Widely Baseline. Generally safe; still test on your supported browsers."
"packages/scanner/report.html","91","html.elements.td","Tables","high","https://developer.mozilla.org/docs/Web/HTML/Reference/Elements/td","Widely Baseline. Generally safe; still test on your supported browsers."
"packages/scanner/report.html","91","html.elements.span","<span>","high","https://developer.mozilla.org/docs/Web/HTML/Reference/Elements/span","Widely Baseline. Generally safe; still test on your supported browsers."
"packages/scanner/report.html","92","html.elements.td","Tables","high","https://developer.mozilla.org/docs/Web/HTML/Reference/Elements/td","Widely Baseline. Generally safe; still test on your supported browsers."
"packages/scanner/report.html","92","html.elements.code","<code>","high","https://developer.mozilla.org/docs/Web/HTML/Reference/Elements/code","Widely Baseline. Generally safe; still test on your supported browsers."
"packages/scanner/report.html","93","html.elements.td","Tables","high","https://developer.mozilla.org/docs/Web/HTML/Reference/Elements/td","Widely Baseline. Generally safe; still test on your supported browsers."
"packages/scanner/report.html","94","html.elements.td","Tables","high","https://developer.mozilla.org/docs/Web/HTML/Reference/Elements/td","Widely Baseline. Generally safe; still test on your supported browsers."
"packages/scanner/report.html","95","html.elements.td","Tables","high","https://developer.mozilla.org/docs/Web/HTML/Reference/Elements/td","Widely Baseline. Generally safe; still test on your supported browsers."
"packages/scanner/report.html","95","html.elements.code","<code>","high","https://developer.mozilla.org/docs/Web/HTML/Reference/Elements/code","Widely Baseline. Generally safe; still test on your supported browsers."
"packages/scanner/report.html","96","html.elements.td","Tables","high","https://developer.mozilla.org/docs/Web/HTML/Reference/Elements/td","Widely Baseline. Generally safe; still test on your supported browsers."
"packages/scanner/report.html","96","html.elements.a","<a>","high","https://developer.mozilla.org/docs/Web/HTML/Reference/Elements/a","Widely Baseline. Generally safe; still test on your supported browsers."
"packages/scanner/report.html","97","html.elements.td","Tables","high","https://developer.mozilla.org/docs/Web/HTML/Reference/Elements/td","Widely Baseline. Generally safe; still test on your supported browsers."
"packages/scanner/report.html","99","html.elements.tr","Tables","high","https://developer.mozilla.org/docs/Web/HTML/Reference/Elements/tr","Widely Baseline. Generally safe; still test on your supported browsers."
"packages/scanner/report.html","100","html.elements.td","Tables","high","https://developer.mozilla.org/docs/Web/HTML/Reference/Elements/td","Widely Baseline. Generally safe; still test on your supported browsers."
"packages/scanner/report.html","100","html.elements.span","<span>","high","https://developer.mozilla.org/docs/Web/HTML/Reference/Elements/span","Widely Baseline. Generally safe; still test on your supported browsers."
"packages/scanner/report.html","101","html.elements.td","Tables","high","https://developer.mozilla.org/docs/Web/HTML/Reference/Elements/td","Widely Baseline. Generally safe; still test on your supported browsers."
"packages/scanner/report.html","101","html.elements.code","<code>","high","https://developer.mozilla.org/docs/Web/HTML/Reference/Elements/code","Widely Baseline. Generally safe; still test on your supported browsers."
"packages/scanner/report.html","102","html.elements.td","Tables","high","https://developer.mozilla.org/docs/Web/HTML/Reference/Elements/td","Widely Baseline. Generally safe; still test on your supported browsers."
"packages/scanner/report.html","103","html.elements.td","Tables","high","https://developer.mozilla.org/docs/Web/HTML/Reference/Elements/td","Widely Baseline. Generally safe; still test on your supported browsers."
"packages/scanner/report.html","104","html.elements.td","Tables","high","https://developer.mozilla.org/docs/Web/HTML/Reference/Elements/td","Widely Baseline. Generally safe; still test on your supported browsers."
"packages/scanner/report.html","104","html.elements.code","<code>","high","https://developer.mozilla.org/docs/Web/HTML/Reference/Elements/code","Widely Baseline. Generally safe; still test on your supported browsers."
"packages/scanner/report.html","105","html.elements.td","Tables","high","https://developer.mozilla.org/docs/Web/HTML/Reference/Elements/td","Widely Baseline. Generally safe; still test on your supported browsers."
"packages/scanner/report.html","105","html.elements.a","<a>","high","https://developer.mozilla.org/docs/Web/HTML/Reference/Elements/a","Widely Baseline. Generally safe; still test on your supported browsers."
"packages/scanner/report.html","106","html.elements.td","Tables","high","https://developer.mozilla.org/docs/Web/HTML/Reference/Elements/td","Widely Baseline. Generally safe; still test on your supported browsers."
"packages/scanner/report.html","108","html.elements.tr","Tables","high","https://developer.mozilla.org/docs/Web/HTML/Reference/Elements/tr","Widely Baseline. Generally safe; still test on your supported browsers."
"packages/scanner/report.html","109","html.elements.td","Tables","high","https://developer.mozilla.org/docs/Web/HTML/Reference/Elements/td","Widely Baseline. Generally safe; still test on your supported browsers."
"packages/scanner/report.html","109","html.elements.span","<span>","high","https://developer.mozilla.org/docs/Web/HTML/Reference/Elements/span","Widely Baseline. Generally safe; still test on your supported browsers."
"packages/scanner/report.html","110","html.elements.td","Tables","high","https://developer.mozilla.org/docs/Web/HTML/Reference/Elements/td","Widely Baseline. Generally safe; still test on your supported browsers."
"packages/scanner/report.html","110","html.elements.code","<code>","high","https://developer.mozilla.org/docs/Web/HTML/Reference/Elements/code","Widely Baseline. Generally safe; still test on your supported browsers."
"packages/scanner/report.html","111","html.elements.td","Tables","high","https://developer.mozilla.org/docs/Web/HTML/Reference/Elements/td","Widely Baseline. Generally safe; still test on your supported browsers."
"packages/scanner/report.html","112","html.elements.td","Tables","high","https://developer.mozilla.org/docs/Web/HTML/Reference/Elements/td","Widely Baseline. Generally safe; still test on your supported browsers."
"packages/scanner/report.html","113","html.elements.td","Tables","high","https://developer.mozilla.org/docs/Web/HTML/Reference/Elements/td","Widely Baseline. Generally safe; still test on your supported browsers."
"packages/scanner/report.html","113","html.elements.code","<code>","high","https://developer.mozilla.org/docs/Web/HTML/Reference/Elements/code","Widely Baseline. Generally safe; still test on your supported browsers."
"packages/scanner/report.html","114","html.elements.td","Tables","high","https://developer.mozilla.org/docs/Web/HTML/Reference/Elements/td","Widely Baseline. Generally safe; still test on your supported browsers."
"packages/scanner/report.html","114","html.elements.a","<a>","high","https://developer.mozilla.org/docs/Web/HTML/Reference/Elements/a","Widely Baseline. Generally safe; still test on your supported browsers."
"packages/scanner/report.html","115","html.elements.td","Tables","high","https://developer.mozilla.org/docs/Web/HTML/Reference/Elements/td","Widely Baseline. Generally safe; still test on your supported browsers."
"packages/scanner/report.html","117","html.elements.tr","Tables","high","https://developer.mozilla.org/docs/Web/HTML/Reference/Elements/tr","Widely Baseline. Generally safe; still test on your supported browsers."
"packages/scanner/report.html","118","html.elements.td","Tables","high","https://developer.mozilla.org/docs/Web/HTML/Reference/Elements/td","Widely Baseline. Generally safe; still test on your supported browsers."
"packages/scanner/report.html","118","html.elements.span","<span>","high","https://developer.mozilla.org/docs/Web/HTML/Reference/Elements/span","Widely Baseline. Generally safe; still test on your supported browsers."
"packages/scanner/report.html","119","html.elements.td","Tables","high","https://developer.mozilla.org/docs/Web/HTML/Reference/Elements/td","Widely Baseline. Generally safe; still test on your supported browsers."
"packages/scanner/report.html","119","html.elements.code","<code>","high","https://developer.mozilla.org/docs/Web/HTML/Reference/Elements/code","Widely Baseline. Generally safe; still test on your supported browsers."
"packages/scanner/report.html","120","html.elements.td","Tables","high","https://developer.mozilla.org/docs/Web/HTML/Reference/Elements/td","Widely Baseline. Generally safe; still test on your supported browsers."
"packages/scanner/report.html","121","html.elements.td","Tables","high","https://developer.mozilla.org/docs/Web/HTML/Reference/Elements/td","Widely Baseline. Generally safe; still test on your supported browsers."
"packages/scanner/report.html","122","html.elements.td","Tables","high","https://developer.mozilla.org/docs/Web/HTML/Reference/Elements/td","Widely Baseline. Generally safe; still test on your supported browsers."
"packages/scanner/report.html","122","html.elements.code","<code>","high","https://developer.mozilla.org/docs/Web/HTML/Reference/Elements/code","Widely Baseline. Generally safe; still test on your supported browsers."
"packages/scanner/report.html","123","html.elements.td","Tables","high","https://developer.mozilla.org/docs/Web/HTML/Reference/Elements/td","Widely Baseline. Generally safe; still test on your supported browsers."
"packages/scanner/report.html","123","html.elements.a","<a>","high","https://developer.mozilla.org/docs/Web/HTML/Reference/Elements/a","Widely Baseline. Generally safe; still test on your supported browsers."
"packages/scanner/report.html","124","html.elements.td","Tables","high","https://developer.mozilla.org/docs/Web/HTML/Reference/Elements/td","Widely Baseline. Generally safe; still test on your supported browsers."
"packages/scanner/report.html","126","html.elements.tr","Tables","high","https://developer.mozilla.org/docs/Web/HTML/Reference/Elements/tr","Widely Baseline. Generally safe; still test on your supported browsers."
"packages/scanner/report.html","127","html.elements.td","Tables","high","https://developer.mozilla.org/docs/Web/HTML/Reference/Elements/td","Widely Baseline. Generally safe; still test on your supported browsers."
"packages/scanner/report.html","127","html.elements.span","<span>","high","https://developer.mozilla.org/docs/Web/HTML/Reference/Elements/span","Widely Baseline. Generally safe; still test on your supported browsers."
"packages/scanner/report.html","128","html.elements.td","Tables","high","https://developer.mozilla.org/docs/Web/HTML/Reference/Elements/td","Widely Baseline. Generally safe; still test on your supported browsers."
"packages/scanner/report.html","128","html.elements.code","<code>","high","https://developer.mozilla.org/docs/Web/HTML/Reference/Elements/code","Widely Baseline. Generally safe; still test on your supported browsers."
"packages/scanner/report.html","129","html.elements.td","Tables","high","https://developer.mozilla.org/docs/Web/HTML/Reference/Elements/td","Widely Baseline. Generally safe; still test on your supported browsers."
"packages/scanner/report.html","130","html.elements.td","Tables","high","https://developer.mozilla.org/docs/Web/HTML/Reference/Elements/td","Widely Baseline. Generally safe; still test on your supported browsers."
"packages/scanner/report.html","131","html.elements.td","Tables","high","https://developer.mozilla.org/docs/Web/HTML/Reference/Elements/td","Widely Baseline. Generally safe; still test on your supported browsers."
"packages/scanner/report.html","131","html.elements.code","<code>","high","https://developer.mozilla.org/docs/Web/HTML/Reference/Elements/code","Widely Baseline. Generally safe; still test on your supported browsers."
"packages/scanner/report.html","132","html.elements.td","Tables","high","https://developer.mozilla.org/docs/Web/HTML/Reference/Elements/td","Widely Baseline. Generally safe; still test on your supported browsers."
"packages/scanner/report.html","132","html.elements.a","<a>","high","https://developer.mozilla.org/docs/Web/HTML/Reference/Elements/a","Widely Baseline. Generally safe; still test on your supported browsers."
"packages/scanner/report.html","133","html.elements.td","Tables","high","https://developer.mozilla.org/docs/Web/HTML/Reference/Elements/td","Widely Baseline. Generally safe; still test on your supported browsers."
"packages/scanner/report.html","135","html.elements.tr","Tables","high","https://developer.mozilla.org/docs/Web/HTML/Reference/Elements/tr","Widely Baseline. Generally safe; still test on your supported browsers."
"packages/scanner/report.html","136","html.elements.td","Tables","high","https://developer.mozilla.org/docs/Web/HTML/Reference/Elements/td","Widely Baseline. Generally safe; still test on your supported browsers."
"packages/scanner/report.html","136","html.elements.span","<span>","high","https://developer.mozilla.org/docs/Web/HTML/Reference/Elements/span","Widely Baseline. Generally safe; still test on your supported browsers."
"packages/scanner/report.html","137","html.elements.td","Tables","high","https://developer.mozilla.org/docs/Web/HTML/Reference/Elements/td","Widely Baseline. Generally safe; still test on your supported browsers."
"packages/scanner/report.html","137","html.elements.code","<code>","high","https://developer.mozilla.org/docs/Web/HTML/Reference/Elements/code","Widely Baseline. Generally safe; still test on your supported browsers."
"packages/scanner/report.html","138","html.elements.td","Tables","high","https://developer.mozilla.org/docs/Web/HTML/Reference/Elements/td","Widely Baseline. Generally safe; still test on your supported browsers."
"packages/scanner/report.html","139","html.elements.td","Tables","high","https://developer.mozilla.org/docs/Web/HTML/Reference/Elements/td","Widely Baseline. Generally safe; still test on your supported browsers."
"packages/scanner/report.html","140","html.elements.td","Tables","high","https://developer.mozilla.org/docs/Web/HTML/Reference/Elements/td","Widely Baseline. Generally safe; still test on your supported browsers."
"packages/scanner/report.html","140","html.elements.code","<code>","high","https://developer.mozilla.org/docs/Web/HTML/Reference/Elements/code","Widely Baseline. Generally safe; still test on your supported browsers."
"packages/scanner/report.html","141","html.elements.td","Tables","high","https://developer.mozilla.org/docs/Web/HTML/Reference/Elements/td","Widely Baseline. Generally safe; still test on your supported browsers."
"packages/scanner/report.html","141","html.elements.a","<a>","high","https://developer.mozilla.org/docs/Web/HTML/Reference/Elements/a","Widely Baseline. Generally safe; still test on your supported browsers."
"packages/scanner/report.html","142","html.elements.td","Tables","high","https://developer.mozilla.org/docs/Web/HTML/Reference/Elements/td","Widely Baseline. Generally safe; still test on your supported browsers."
"packages/scanner/report.html","144","html.elements.tr","Tables","high","https://developer.mozilla.org/docs/Web/HTML/Reference/Elements/tr","Widely Baseline. Generally safe; still test on your supported browsers."
"packages/scanner/report.html","145","html.elements.td","Tables","high","https://developer.mozilla.org/docs/Web/HTML/Reference/Elements/td","Widely Baseline. Generally safe; still test on your supported browsers."
"packages/scanner/report.html","145","html.elements.span","<span>","high","https://developer.mozilla.org/docs/Web/HTML/Reference/Elements/span","Widely Baseline. Generally safe; still test on your supported browsers."
"packages/scanner/report.html","146","html.elements.td","Tables","high","https://developer.mozilla.org/docs/Web/HTML/Reference/Elements/td","Widely Baseline. Generally safe; still test on your supported browsers."
"packages/scanner/report.html","146","html.elements.code","<code>","high","https://developer.mozilla.org/docs/Web/HTML/Reference/Elements/code","Widely Baseline. Generally safe; still test on your supported browsers."
"packages/scanner/report.html","147","html.elements.td","Tables","high","https://developer.mozilla.org/docs/Web/HTML/Reference/Elements/td","Widely Baseline. Generally safe; still test on your supported browsers."
"packages/scanner/report.html","148","html.elements.td","Tables","high","https://developer.mozilla.org/docs/Web/HTML/Reference/Elements/td","Widely Baseline. Generally safe; still test on your supported browsers."
"packages/scanner/report.html","149","html.elements.td","Tables","high","https://developer.mozilla.org/docs/Web/HTML/Reference/Elements/td","Widely Baseline. Generally safe; still test on your supported browsers."
"packages/scanner/report.html","149","html.elements.code","<code>","high","https://developer.mozilla.org/docs/Web/HTML/Reference/Elements/code","Widely Baseline. Generally safe; still test on your supported browsers."
"packages/scanner/report.html","150","html.elements.td","Tables","high","https://developer.mozilla.org/docs/Web/HTML/Reference/Elements/td","Widely Baseline. Generally safe; still test on your supported browsers."
"packages/scanner/report.html","150","html.elements.a","<a>","high","https://developer.mozilla.org/docs/Web/HTML/Reference/Elements/a","Widely Baseline. Generally safe; still test on your supported browsers."
"packages/scanner/report.html","151","html.elements.td","Tables","high","https://developer.mozilla.org/docs/Web/HTML/Reference/Elements/td","Widely Baseline. Generally safe; still test on your supported browsers."
"packages/scanner/report.html","153","html.elements.tr","Tables","high","https://developer.mozilla.org/docs/Web/HTML/Reference/Elements/tr","Widely Baseline. Generally safe; still test on your supported browsers."
"packages/scanner/report.html","154","html.elements.td","Tables","high","https://developer.mozilla.org/docs/Web/HTML/Reference/Elements/td","Widely Baseline. Generally safe; still test on your supported browsers."
"packages/scanner/report.html","154","html.elements.span","<span>","high","https://developer.mozilla.org/docs/Web/HTML/Reference/Elements/span","Widely Baseline. Generally safe; still test on your supported browsers."
"packages/scanner/report.html","155","html.elements.td","Tables","high","https://developer.mozilla.org/docs/Web/HTML/Reference/Elements/td","Widely Baseline. Generally safe; still test on your supported browsers."
"packages/scanner/report.html","155","html.elements.code","<code>","high","https://developer.mozilla.org/docs/Web/HTML/Reference/Elements/code","Widely Baseline. Generally safe; still test on your supported browsers."
"packages/scanner/report.html","156","html.elements.td","Tables","high","https://developer.mozilla.org/docs/Web/HTML/Reference/Elements/td","Widely Baseline. Generally safe; still test on your supported browsers."
"packages/scanner/report.html","157","html.elements.td","Tables","high","https://developer.mozilla.org/docs/Web/HTML/Reference/Elements/td","Widely Baseline. Generally safe; still test on your supported browsers."
"packages/scanner/report.html","158","html.elements.td","Tables","high","https://developer.mozilla.org/docs/Web/HTML/Reference/Elements/td","Widely Baseline. Generally safe; still test on your supported browsers."
"packages/scanner/report.html","158","html.elements.code","<code>","high","https://developer.mozilla.org/docs/Web/HTML/Reference/Elements/code","Widely Baseline. Generally safe; still test on your supported browsers."
"packages/scanner/report.html","159","html.elements.td","Tables","high","https://developer.mozilla.org/docs/Web/HTML/Reference/Elements/td","Widely Baseline. Generally safe; still test on your supported browsers."
"packages/scanner/report.html","159","html.elements.a","<a>","high","https://developer.mozilla.org/docs/Web/HTML/Reference/Elements/a","Widely Baseline. Generally safe; still test on your supported browsers."
"packages/scanner/report.html","160","html.elements.td","Tables","high","https://developer.mozilla.org/docs/Web/HTML/Reference/Elements/td","Widely Baseline. Generally safe; still test on your supported browsers."
"packages/scanner/report.html","162","html.elements.tr","Tables","high","https://developer.mozilla.org/docs/Web/HTML/Reference/Elements/tr","Widely Baseline. Generally safe; still test on your supported browsers."
"packages/scanner/report.html","163","html.elements.td","Tables","high","https://developer.mozilla.org/docs/Web/HTML/Reference/Elements/td","Widely Baseline. Generally safe; still test on your supported browsers."
"packages/scanner/report.html","163","html.elements.span","<span>","high","https://developer.mozilla.org/docs/Web/HTML/Reference/Elements/span","Widely Baseline. Generally safe; still test on your supported browsers."
"packages/scanner/report.html","164","html.elements.td","Tables","high","https://developer.mozilla.org/docs/Web/HTML/Reference/Elements/td","Widely Baseline. Generally safe; still test on your supported browsers."
"packages/scanner/report.html","164","html.elements.code","<code>","high","https://developer.mozilla.org/docs/Web/HTML/Reference/Elements/code","Widely Baseline. Generally safe; still test on your supported browsers."
"packages/scanner/report.html","165","html.elements.td","Tables","high","https://developer.mozilla.org/docs/Web/HTML/Reference/Elements/td","Widely Baseline. Generally safe; still test on your supported browsers."
"packages/scanner/report.html","166","html.elements.td","Tables","high","https://developer.mozilla.org/docs/Web/HTML/Reference/Elements/td","Widely Baseline. Generally safe; still test on your supported browsers."
"packages/scanner/report.html","167","html.elements.td","Tables","high","https://developer.mozilla.org/docs/Web/HTML/Reference/Elements/td","Widely Baseline. Generally safe; still test on your supported browsers."
"packages/scanner/report.html","167","html.elements.code","<code>","high","https://developer.mozilla.org/docs/Web/HTML/Reference/Elements/code","Widely Baseline. Generally safe; still test on your supported browsers."
"packages/scanner/report.html","168","html.elements.td","Tables","high","https://developer.mozilla.org/docs/Web/HTML/Reference/Elements/td","Widely Baseline. Generally safe; still test on your supported browsers."
"packages/scanner/report.html","168","html.elements.a","<a>","high","https://developer.mozilla.org/docs/Web/HTML/Reference/Elements/a","Widely Baseline. Generally safe; still test on your supported browsers."
"packages/scanner/report.html","169","html.elements.td","Tables","high","https://developer.mozilla.org/docs/Web/HTML/Reference/Elements/td","Widely Baseline. Generally safe; still test on your supported browsers."
"packages/scanner/report.html","171","html.elements.tr","Tables","high","https://developer.mozilla.org/docs/Web/HTML/Reference/Elements/tr","Widely Baseline. Generally safe; still test on your supported browsers."
"packages/scanner/report.html","172","html.elements.td","Tables","high","https://developer.mozilla.org/docs/Web/HTML/Reference/Elements/td","Widely Baseline. Generally safe; still test on your supported browsers."
"packages/scanner/report.html","172","html.elements.span","<span>","high","https://developer.mozilla.org/docs/Web/HTML/Reference/Elements/span","Widely Baseline. Generally safe; still test on your supported browsers."
"packages/scanner/report.html","173","html.elements.td","Tables","high","https://developer.mozilla.org/docs/Web/HTML/Reference/Elements/td","Widely Baseline. Generally safe; still test on your supported browsers."
"packages/scanner/report.html","173","html.elements.code","<code>","high","https://developer.mozilla.org/docs/Web/HTML/Reference/Elements/code","Widely Baseline. Generally safe; still test on your supported browsers."
"packages/scanner/report.html","174","html.elements.td","Tables","high","https://developer.mozilla.org/docs/Web/HTML/Reference/Elements/td","Widely Baseline. Generally safe; still test on your supported browsers."
"packages/scanner/report.html","175","html.elements.td","Tables","high","https://developer.mozilla.org/docs/Web/HTML/Reference/Elements/td","Widely Baseline. Generally safe; still test on your supported browsers."
"packages/scanner/report.html","176","html.elements.td","Tables","high","https://developer.mozilla.org/docs/Web/HTML/Reference/Elements/td","Widely Baseline. Generally safe; still test on your supported browsers."
"packages/scanner/report.html","176","html.elements.code","<code>","high","https://developer.mozilla.org/docs/Web/HTML/Reference/Elements/code","Widely Baseline. Generally safe; still test on your supported browsers."
"packages/scanner/report.html","177","html.elements.td","Tables","high","https://developer.mozilla.org/docs/Web/HTML/Reference/Elements/td","Widely Baseline. Generally safe; still test on your supported browsers."
"packages/scanner/report.html","177","html.elements.a","<a>","high","https://developer.mozilla.org/docs/Web/HTML/Reference/Elements/a","Widely Baseline. Generally safe; still test on your supported browsers."
"packages/scanner/report.html","178","html.elements.td","Tables","high","https://developer.mozilla.org/docs/Web/HTML/Reference/Elements/td","Widely Baseline. Generally safe; still test on your supported browsers."
"packages/scanner/report.html","180","html.elements.tr","Tables","high","https://developer.mozilla.org/docs/Web/HTML/Reference/Elements/tr","Widely Baseline. Generally safe; still test on your supported browsers."
"packages/scanner/report.html","181","html.elements.td","Tables","high","https://developer.mozilla.org/docs/Web/HTML/Reference/Elements/td","Widely Baseline. Generally safe; still test on your supported browsers."
"packages/scanner/report.html","181","html.elements.span","<span>","high","https://developer.mozilla.org/docs/Web/HTML/Reference/Elements/span","Widely Baseline. Generally safe; still test on your supported browsers."
"packages/scanner/report.html","182","html.elements.td","Tables","high","https://developer.mozilla.org/docs/Web/HTML/Reference/Elements/td","Widely Baseline. Generally safe; still test on your supported browsers."
"packages/scanner/report.html","182","html.elements.code","<code>","high","https://developer.mozilla.org/docs/Web/HTML/Reference/Elements/code","Widely Baseline. Generally safe; still test on your supported browsers."
"packages/scanner/report.html","183","html.elements.td","Tables","high","https://developer.mozilla.org/docs/Web/HTML/Reference/Elements/td","Widely Baseline. Generally safe; still test on your supported browsers."
"packages/scanner/report.html","184","html.elements.td","Tables","high","https://developer.mozilla.org/docs/Web/HTML/Reference/Elements/td","Widely Baseline. Generally safe; still test on your supported browsers."
"packages/scanner/report.html","185","html.elements.td","Tables","high","https://developer.mozilla.org/docs/Web/HTML/Reference/Elements/td","Widely Baseline. Generally safe; still test on your supported browsers."
"packages/scanner/report.html","185","html.elements.code","<code>","high","https://developer.mozilla.org/docs/Web/HTML/Reference/Elements/code","Widely Baseline. Generally safe; still test on your supported browsers."
"packages/scanner/report.html","186","html.elements.td","Tables","high","https://developer.mozilla.org/docs/Web/HTML/Reference/Elements/td","Widely Baseline. Generally safe; still test on your supported browsers."
"packages/scanner/report.html","186","html.elements.a","<a>","high","https://developer.mozilla.org/docs/Web/HTML/Reference/Elements/a","Widely Baseline. Generally safe; still test on your supported browsers."
"packages/scanner/report.html","187","html.elements.td","Tables","high","https://developer.mozilla.org/docs/Web/HTML/Reference/Elements/td","Widely Baseline. Generally safe; still test on your supported browsers."
"packages/scanner/report.html","189","html.elements.tr","Tables","high","https://developer.mozilla.org/docs/Web/HTML/Reference/Elements/tr","Widely Baseline. Generally safe; still test on your supported browsers."
"packages/scanner/report.html","190","html.elements.td","Tables","high","https://developer.mozilla.org/docs/Web/HTML/Reference/Elements/td","Widely Baseline. Generally safe; still test on your supported browsers."
"packages/scanner/report.html","190","html.elements.span","<span>","high","https://developer.mozilla.org/docs/Web/HTML/Reference/Elements/span","Widely Baseline. Generally safe; still test on your supported browsers."
"packages/scanner/report.html","191","html.elements.td","Tables","high","https://developer.mozilla.org/docs/Web/HTML/Reference/Elements/td","Widely Baseline. Generally safe; still test on your supported browsers."
"packages/scanner/report.html","191","html.elements.code","<code>","high","https://developer.mozilla.org/docs/Web/HTML/Reference/Elements/code","Widely Baseline. Generally safe; still test on your supported browsers."
"packages/scanner/report.html","192","html.elements.td","Tables","high","https://developer.mozilla.org/docs/Web/HTML/Reference/Elements/td","Widely Baseline. Generally safe; still test on your supported browsers."
"packages/scanner/report.html","193","html.elements.td","Tables","high","https://developer.mozilla.org/docs/Web/HTML/Reference/Elements/td","Widely Baseline. Generally safe; still test on your supported browsers."
"packages/scanner/report.html","194","html.elements.td","Tables","high","https://developer.mozilla.org/docs/Web/HTML/Reference/Elements/td","Widely Baseline. Generally safe; still test on your supported browsers."
"packages/scanner/report.html","194","html.elements.code","<code>","high","https://developer.mozilla.org/docs/Web/HTML/Reference/Elements/code","Widely Baseline. Generally safe; still test on your supported browsers."
"packages/scanner/report.html","195","html.elements.td","Tables","high","https://developer.mozilla.org/docs/Web/HTML/Reference/Elements/td","Widely Baseline. Generally safe; still test on your supported browsers."
"packages/scanner/report.html","195","html.elements.a","<a>","high","https://developer.mozilla.org/docs/Web/HTML/Reference/Elements/a","Widely Baseline. Generally safe; still test on your supported browsers."
"packages/scanner/report.html","196","html.elements.td","Tables","high","https://developer.mozilla.org/docs/Web/HTML/Reference/Elements/td","Widely Baseline. Generally safe; still test on your supported browsers."
"packages/scanner/report.html","198","html.elements.tr","Tables","high","https://developer.mozilla.org/docs/Web/HTML/Reference/Elements/tr","Widely Baseline. Generally safe; still test on your supported browsers."
"packages/scanner/report.html","199","html.elements.td","Tables","high","https://developer.mozilla.org/docs/Web/HTML/Reference/Elements/td","Widely Baseline. Generally safe; still test on your supported browsers."
"packages/scanner/report.html","199","html.elements.span","<span>","high","https://developer.mozilla.org/docs/Web/HTML/Reference/Elements/span","Widely Baseline. Generally safe; still test on your supported browsers."
"packages/scanner/report.html","200","html.elements.td","Tables","high","https://developer.mozilla.org/docs/Web/HTML/Reference/Elements/td","Widely Baseline. Generally safe; still test on your supported browsers."
"packages/scanner/report.html","200","html.elements.code","<code>","high","https://developer.mozilla.org/docs/Web/HTML/Reference/Elements/code","Widely Baseline. Generally safe; still test on your supported browsers."
"packages/scanner/report.html","201","html.elements.td","Tables","high","https://developer.mozilla.org/docs/Web/HTML/Reference/Elements/td","Widely Baseline. Generally safe; still test on your supported browsers."
"packages/scanner/report.html","202","html.elements.td","Tables","high","https://developer.mozilla.org/docs/Web/HTML/Reference/Elements/td","Widely Baseline. Generally safe; still test on your supported browsers."
"packages/scanner/report.html","203","html.elements.td","Tables","high","https://developer.mozilla.org/docs/Web/HTML/Reference/Elements/td","Widely Baseline. Generally safe; still test on your supported browsers."
"packages/scanner/report.html","203","html.elements.code","<code>","high","https://developer.mozilla.org/docs/Web/HTML/Reference/Elements/code","Widely Baseline. Generally safe; still test on your supported browsers."
"packages/scanner/report.html","204","html.elements.td","Tables","high","https://developer.mozilla.org/docs/Web/HTML/Reference/Elements/td","Widely Baseline. Generally safe; still test on your supported browsers."
"packages/scanner/report.html","204","html.elements.a","<a>","high","https://developer.mozilla.org/docs/Web/HTML/Reference/Elements/a","Widely Baseline. Generally safe; still test on your supported browsers."
"packages/scanner/report.html","205","html.elements.td","Tables","high","https://developer.mozilla.org/docs/Web/HTML/Reference/Elements/td","Widely Baseline. Generally safe; still test on your supported browsers."
"packages/scanner/report.html","207","html.elements.tr","Tables","high","https://developer.mozilla.org/docs/Web/HTML/Reference/Elements/tr","Widely Baseline. Generally safe; still test on your supported browsers."
"packages/scanner/report.html","208","html.elements.td","Tables","high","https://developer.mozilla.org/docs/Web/HTML/Reference/Elements/td","Widely Baseline. Generally safe; still test on your supported browsers."
"packages/scanner/report.html","208","html.elements.span","<span>","high","https://developer.mozilla.org/docs/Web/HTML/Reference/Elements/span","Widely Baseline. Generally safe; still test on your supported browsers."
"packages/scanner/report.html","209","html.elements.td","Tables","high","https://developer.mozilla.org/docs/Web/HTML/Reference/Elements/td","Widely Baseline. Generally safe; still test on your supported browsers."
"packages/scanner/report.html","209","html.elements.code","<code>","high","https://developer.mozilla.org/docs/Web/HTML/Reference/Elements/code","Widely Baseline. Generally safe; still test on your supported browsers."
"packages/scanner/report.html","210","html.elements.td","Tables","high","https://developer.mozilla.org/docs/Web/HTML/Reference/Elements/td","Widely Baseline. Generally safe; still test on your supported browsers."
"packages/scanner/report.html","211","html.elements.td","Tables","high","https://developer.mozilla.org/docs/Web/HTML/Reference/Elements/td","Widely Baseline. Generally safe; still test on your supported browsers."
"packages/scanner/report.html","212","html.elements.td","Tables","high","https://developer.mozilla.org/docs/Web/HTML/Reference/Elements/td","Widely Baseline. Generally safe; still test on your supported browsers."
"packages/scanner/report.html","212","html.elements.code","<code>","high","https://developer.mozilla.org/docs/Web/HTML/Reference/Elements/code","Widely Baseline. Generally safe; still test on your supported browsers."
"packages/scanner/report.html","213","html.elements.td","Tables","high","https://developer.mozilla.org/docs/Web/HTML/Reference/Elements/td","Widely Baseline. Generally safe; still test on your supported browsers."
"packages/scanner/report.html","213","html.elements.a","<a>","high","https://developer.mozilla.org/docs/Web/HTML/Reference/Elements/a","Widely Baseline. Generally safe; still test on your supported browsers."
"packages/scanner/report.html","214","html.elements.td","Tables","high","https://developer.mozilla.org/docs/Web/HTML/Reference/Elements/td","Widely Baseline. Generally safe; still test on your supported browsers."
"packages/scanner/report.html","216","html.elements.tr","Tables","high","https://developer.mozilla.org/docs/Web/HTML/Reference/Elements/tr","Widely Baseline. Generally safe; still test on your supported browsers."
"packages/scanner/report.html","217","html.elements.td","Tables","high","https://developer.mozilla.org/docs/Web/HTML/Reference/Elements/td","Widely Baseline. Generally safe; still test on your supported browsers."
"packages/scanner/report.html","217","html.elements.span","<span>","high","https://developer.mozilla.org/docs/Web/HTML/Reference/Elements/span","Widely Baseline. Generally safe; still test on your supported browsers."
"packages/scanner/report.html","218","html.elements.td","Tables","high","https://developer.mozilla.org/docs/Web/HTML/Reference/Elements/td","Widely Baseline. Generally safe; still test on your supported browsers."
"packages/scanner/report.html","218","html.elements.code","<code>","high","https://developer.mozilla.org/docs/Web/HTML/Reference/Elements/code","Widely Baseline. Generally safe; still test on your supported browsers."
"packages/scanner/report.html","219","html.elements.td","Tables","high","https://developer.mozilla.org/docs/Web/HTML/Reference/Elements/td","Widely Baseline. Generally safe; still test on your supported browsers."
"packages/scanner/report.html","220","html.elements.td","Tables","high","https://developer.mozilla.org/docs/Web/HTML/Reference/Elements/td","Widely Baseline. Generally safe; still test on your supported browsers."
"packages/scanner/report.html","221","html.elements.td","Tables","high","https://developer.mozilla.org/docs/Web/HTML/Reference/Elements/td","Widely Baseline. Generally safe; still test on your supported browsers."
"packages/scanner/report.html","221","html.elements.code","<code>","high","https://developer.mozilla.org/docs/Web/HTML/Reference/Elements/code","Widely Baseline. Generally safe; still test on your supported browsers."
"packages/scanner/report.html","222","html.elements.td","Tables","high","https://developer.mozilla.org/docs/Web/HTML/Reference/Elements/td","Widely Baseline. Generally safe; still test on your supported browsers."
"packages/scanner/report.html","222","html.elements.a","<a>","high","https://developer.mozilla.org/docs/Web/HTML/Reference/Elements/a","Widely Baseline. Generally safe; still test on your supported browsers."
"packages/scanner/report.html","223","html.elements.td","Tables","high","https://developer.mozilla.org/docs/Web/HTML/Reference/Elements/td","Widely Baseline. Generally safe; still test on your supported browsers."
"packages/scanner/report.html","225","html.elements.tr","Tables","high","https://developer.mozilla.org/docs/Web/HTML/Reference/Elements/tr","Widely Baseline. Generally safe; still test on your supported browsers."
"packages/scanner/report.html","226","html.elements.td","Tables","high","https://developer.mozilla.org/docs/Web/HTML/Reference/Elements/td","Widely Baseline. Generally safe; still test on your supported browsers."
"packages/scanner/report.html","226","html.elements.span","<span>","high","https://developer.mozilla.org/docs/Web/HTML/Reference/Elements/span","Widely Baseline. Generally safe; still test on your supported browsers."
"packages/scanner/report.html","227","html.elements.td","Tables","high","https://developer.mozilla.org/docs/Web/HTML/Reference/Elements/td","Widely Baseline. Generally safe; still test on your supported browsers."
"packages/scanner/report.html","227","html.elements.code","<code>","high","https://developer.mozilla.org/docs/Web/HTML/Reference/Elements/code","Widely Baseline. Generally safe; still test on your supported browsers."
"packages/scanner/report.html","228","html.elements.td","Tables","high","https://developer.mozilla.org/docs/Web/HTML/Reference/Elements/td","Widely Baseline. Generally safe; still test on your supported browsers."
"packages/scanner/report.html","229","html.elements.td","Tables","high","https://developer.mozilla.org/docs/Web/HTML/Reference/Elements/td","Widely Baseline. Generally safe; still test on your supported browsers."
"packages/scanner/report.html","230","html.elements.td","Tables","high","https://developer.mozilla.org/docs/Web/HTML/Reference/Elements/td","Widely Baseline. Generally safe; still test on your supported browsers."
"packages/scanner/report.html","230","html.elements.code","<code>","high","https://developer.mozilla.org/docs/Web/HTML/Reference/Elements/code","Widely Baseline. Generally safe; still test on your supported browsers."
"packages/scanner/report.html","231","html.elements.td","Tables","high","https://developer.mozilla.org/docs/Web/HTML/Reference/Elements/td","Widely Baseline. Generally safe; still test on your supported browsers."
"packages/scanner/report.html","231","html.elements.a","<a>","high","https://developer.mozilla.org/docs/Web/HTML/Reference/Elements/a","Widely Baseline. Generally safe; still test on your supported browsers."
"packages/scanner/report.html","232","html.elements.td","Tables","high","https://developer.mozilla.org/docs/Web/HTML/Reference/Elements/td","Widely Baseline. Generally safe; still test on your supported browsers."
"packages/scanner/report.html","234","html.elements.tr","Tables","high","https://developer.mozilla.org/docs/Web/HTML/Reference/Elements/tr","Widely Baseline. Generally safe; still test on your supported browsers."
"packages/scanner/report.html","235","html.elements.td","Tables","high","https://developer.mozilla.org/docs/Web/HTML/Reference/Elements/td","Widely Baseline. Generally safe; still test on your supported browsers."
"packages/scanner/report.html","235","html.elements.span","<span>","high","https://developer.mozilla.org/docs/Web/HTML/Reference/Elements/span","Widely Baseline. Generally safe; still test on your supported browsers."
"packages/scanner/report.html","236","html.elements.td","Tables","high","https://developer.mozilla.org/docs/Web/HTML/Reference/Elements/td","Widely Baseline. Generally safe; still test on your supported browsers."
"packages/scanner/report.html","236","html.elements.code","<code>","high","https://developer.mozilla.org/docs/Web/HTML/Reference/Elements/code","Widely Baseline. Generally safe; still test on your supported browsers."
"packages/scanner/report.html","237","html.elements.td","Tables","high","https://developer.mozilla.org/docs/Web/HTML/Reference/Elements/td","Widely Baseline. Generally safe; still test on your supported browsers."
"packages/scanner/report.html","238","html.elements.td","Tables","high","https://developer.mozilla.org/docs/Web/HTML/Reference/Elements/td","Widely Baseline. Generally safe; still test on your supported browsers."
"packages/scanner/report.html","239","html.elements.td","Tables","high","https://developer.mozilla.org/docs/Web/HTML/Reference/Elements/td","Widely Baseline. Generally safe; still test on your supported browsers."
"packages/scanner/report.html","239","html.elements.code","<code>","high","https://developer.mozilla.org/docs/Web/HTML/Reference/Elements/code","Widely Baseline. Generally safe; still test on your supported browsers."
"packages/scanner/report.html","240","html.elements.td","Tables","high","https://developer.mozilla.org/docs/Web/HTML/Reference/Elements/td","Widely Baseline. Generally safe; still test on your supported browsers."
"packages/scanner/report.html","240","html.elements.a","<a>","high","https://developer.mozilla.org/docs/Web/HTML/Reference/Elements/a","Widely Baseline. Generally safe; still test on your supported browsers."
"packages/scanner/report.html","241","html.elements.td","Tables","high","https://developer.mozilla.org/docs/Web/HTML/Reference/Elements/td","Widely Baseline. Generally safe; still test on your supported browsers."
"packages/scanner/report.html","243","html.elements.tr","Tables","high","https://developer.mozilla.org/docs/Web/HTML/Reference/Elements/tr","Widely Baseline. Generally safe; still test on your supported browsers."
"packages/scanner/report.html","244","html.elements.td","Tables","high","https://developer.mozilla.org/docs/Web/HTML/Reference/Elements/td","Widely Baseline. Generally safe; still test on your supported browsers."
"packages/scanner/report.html","244","html.elements.span","<span>","high","https://developer.mozilla.org/docs/Web/HTML/Reference/Elements/span","Widely Baseline. Generally safe; still test on your supported browsers."
"packages/scanner/report.html","245","html.elements.td","Tables","high","https://developer.mozilla.org/docs/Web/HTML/Reference/Elements/td","Widely Baseline. Generally safe; still test on your supported browsers."
"packages/scanner/report.html","245","html.elements.code","<code>","high","https://developer.mozilla.org/docs/Web/HTML/Reference/Elements/code","Widely Baseline. Generally safe; still test on your supported browsers."
"packages/scanner/report.html","246","html.elements.td","Tables","high","https://developer.mozilla.org/docs/Web/HTML/Reference/Elements/td","Widely Baseline. Generally safe; still test on your supported browsers."
"packages/scanner/report.html","247","html.elements.td","Tables","high","https://developer.mozilla.org/docs/Web/HTML/Reference/Elements/td","Widely Baseline. Generally safe; still test on your supported browsers."
"packages/scanner/report.html","248","html.elements.td","Tables","high","https://developer.mozilla.org/docs/Web/HTML/Reference/Elements/td","Widely Baseline. Generally safe; still test on your supported browsers."
"packages/scanner/report.html","248","html.elements.code","<code>","high","https://developer.mozilla.org/docs/Web/HTML/Reference/Elements/code","Widely Baseline. Generally safe; still test on your supported browsers."
"packages/scanner/report.html","249","html.elements.td","Tables","high","https://developer.mozilla.org/docs/Web/HTML/Reference/Elements/td","Widely Baseline. Generally safe; still test on your supported browsers."
"packages/scanner/report.html","249","html.elements.a","<a>","high","https://developer.mozilla.org/docs/Web/HTML/Reference/Elements/a","Widely Baseline. Generally safe; still test on your supported browsers."
"packages/scanner/report.html","250","html.elements.td","Tables","high","https://developer.mozilla.org/docs/Web/HTML/Reference/Elements/td","Widely Baseline. Generally safe; still test on your supported browsers."
"packages/scanner/report.html","252","html.elements.tr","Tables","high","https://developer.mozilla.org/docs/Web/HTML/Reference/Elements/tr","Widely Baseline. Generally safe; still test on your supported browsers."
"packages/scanner/report.html","253","html.elements.td","Tables","high","https://developer.mozilla.org/docs/Web/HTML/Reference/Elements/td","Widely Baseline. Generally safe; still test on your supported browsers."
"packages/scanner/report.html","253","html.elements.span","<span>","high","https://developer.mozilla.org/docs/Web/HTML/Reference/Elements/span","Widely Baseline. Generally safe; still test on your supported browsers."
"packages/scanner/report.html","254","html.elements.td","Tables","high","https://developer.mozilla.org/docs/Web/HTML/Reference/Elements/td","Widely Baseline. Generally safe; still test on your supported browsers."
"packages/scanner/report.html","254","html.elements.code","<code>","high","https://developer.mozilla.org/docs/Web/HTML/Reference/Elements/code","Widely Baseline. Generally safe; still test on your supported browsers."
"packages/scanner/report.html","255","html.elements.td","Tables","high","https://developer.mozilla.org/docs/Web/HTML/Reference/Elements/td","Widely Baseline. Generally safe; still test on your supported browsers."
"packages/scanner/report.html","256","html.elements.td","Tables","high","https://developer.mozilla.org/docs/Web/HTML/Reference/Elements/td","Widely Baseline. Generally safe; still test on your supported browsers."
"packages/scanner/report.html","257","html.elements.td","Tables","high","https://developer.mozilla.org/docs/Web/HTML/Reference/Elements/td","Widely Baseline. Generally safe; still test on your supported browsers."
"packages/scanner/report.html","257","html.elements.code","<code>","high","https://developer.mozilla.org/docs/Web/HTML/Reference/Elements/code","Widely Baseline. Generally safe; still test on your supported browsers."
"packages/scanner/report.html","258","html.elements.td","Tables","high","https://developer.mozilla.org/docs/Web/HTML/Reference/Elements/td","Widely Baseline. Generally safe; still test on your supported browsers."
"packages/scanner/report.html","258","html.elements.a","<a>","high","https://developer.mozilla.org/docs/Web/HTML/Reference/Elements/a","Widely Baseline. Generally safe; still test on your supported browsers."
"packages/scanner/report.html","259","html.elements.td","Tables","high","https://developer.mozilla.org/docs/Web/HTML/Reference/Elements/td","Widely Baseline. Generally safe; still test on your supported browsers."
"packages/scanner/report.html","261","html.elements.tr","Tables","high","https://developer.mozilla.org/docs/Web/HTML/Reference/Elements/tr","Widely Baseline. Generally safe; still test on your supported browsers."
"packages/scanner/report.html","262","html.elements.td","Tables","high","https://developer.mozilla.org/docs/Web/HTML/Reference/Elements/td","Widely Baseline. Generally safe; still test on your supported browsers."
"packages/scanner/report.html","262","html.elements.span","<span>","high","https://developer.mozilla.org/docs/Web/HTML/Reference/Elements/span","Widely Baseline. Generally safe; still test on your supported browsers."
"packages/scanner/report.html","263","html.elements.td","Tables","high","https://developer.mozilla.org/docs/Web/HTML/Reference/Elements/td","Widely Baseline. Generally safe; still test on your supported browsers."
"packages/scanner/report.html","263","html.elements.code","<code>","high","https://developer.mozilla.org/docs/Web/HTML/Reference/Elements/code","Widely Baseline. Generally safe; still test on your supported browsers."
"packages/scanner/report.html","264","html.elements.td","Tables","high","https://developer.mozilla.org/docs/Web/HTML/Reference/Elements/td","Widely Baseline. Generally safe; still test on your supported browsers."
"packages/scanner/report.html","265","html.elements.td","Tables","high","https://developer.mozilla.org/docs/Web/HTML/Reference/Elements/td","Widely Baseline. Generally safe; still test on your supported browsers."
"packages/scanner/report.html","266","html.elements.td","Tables","high","https://developer.mozilla.org/docs/Web/HTML/Reference/Elements/td","Widely Baseline. Generally safe; still test on your supported browsers."
"packages/scanner/report.html","266","html.elements.code","<code>","high","https://developer.mozilla.org/docs/Web/HTML/Reference/Elements/code","Widely Baseline. Generally safe; still test on your supported browsers."
"packages/scanner/report.html","267","html.elements.td","Tables","high","https://developer.mozilla.org/docs/Web/HTML/Reference/Elements/td","Widely Baseline. Generally safe; still test on your supported browsers."
"packages/scanner/report.html","267","html.elements.a","<a>","high","https://developer.mozilla.org/docs/Web/HTML/Reference/Elements/a","Widely Baseline. Generally safe; still test on your supported browsers."
"packages/scanner/report.html","268","html.elements.td","Tables","high","https://developer.mozilla.org/docs/Web/HTML/Reference/Elements/td","Widely Baseline. Generally safe; still test on your supported browsers."
"packages/scanner/report.html","270","html.elements.tr","Tables","high","https://developer.mozilla.org/docs/Web/HTML/Reference/Elements/tr","Widely Baseline. Generally safe; still test on your supported browsers."
"packages/scanner/report.html","271","html.elements.td","Tables","high","https://developer.mozilla.org/docs/Web/HTML/Reference/Elements/td","Widely Baseline. Generally safe; still test on your supported browsers."
"packages/scanner/report.html","271","html.elements.span","<span>","high","https://developer.mozilla.org/docs/Web/HTML/Reference/Elements/span","Widely Baseline. Generally safe; still test on your supported browsers."
"packages/scanner/report.html","272","html.elements.td","Tables","high","https://developer.mozilla.org/docs/Web/HTML/Reference/Elements/td","Widely Baseline. Generally safe; still test on your supported browsers."
"packages/scanner/report.html","272","html.elements.code","<code>","high","https://developer.mozilla.org/docs/Web/HTML/Reference/Elements/code","Widely Baseline. Generally safe; still test on your supported browsers."
"packages/scanner/report.html","273","html.elements.td","Tables","high","https://developer.mozilla.org/docs/Web/HTML/Reference/Elements/td","Widely Baseline. Generally safe; still test on your supported browsers."
"packages/scanner/report.html","274","html.elements.td","Tables","high","https://developer.mozilla.org/docs/Web/HTML/Reference/Elements/td","Widely Baseline. Generally safe; still test on your supported browsers."
"packages/scanner/report.html","275","html.elements.td","Tables","high","https://developer.mozilla.org/docs/Web/HTML/Reference/Elements/td","Widely Baseline. Generally safe; still test on your supported browsers."
"packages/scanner/report.html","275","html.elements.code","<code>","high","https://developer.mozilla.org/docs/Web/HTML/Reference/Elements/code","Widely Baseline. Generally safe; still test on your supported browsers."
"packages/scanner/report.html","276","html.elements.td","Tables","high","https://developer.mozilla.org/docs/Web/HTML/Reference/Elements/td","Widely Baseline. Generally safe; still test on your supported browsers."
"packages/scanner/report.html","276","html.elements.a","<a>","high","https://developer.mozilla.org/docs/Web/HTML/Reference/Elements/a","Widely Baseline. Generally safe; still test on your supported browsers."
"packages/scanner/report.html","277","html.elements.td","Tables","high","https://developer.mozilla.org/docs/Web/HTML/Reference/Elements/td","Widely Baseline. Generally safe; still test on your supported browsers."
"packages/scanner/report.html","279","html.elements.tr","Tables","high","https://developer.mozilla.org/docs/Web/HTML/Reference/Elements/tr","Widely Baseline. Generally safe; still test on your supported browsers."
"packages/scanner/report.html","280","html.elements.td","Tables","high","https://developer.mozilla.org/docs/Web/HTML/Reference/Elements/td","Widely Baseline. Generally safe; still test on your supported browsers."
"packages/scanner/report.html","280","html.elements.span","<span>","high","https://developer.mozilla.org/docs/Web/HTML/Reference/Elements/span","Widely Baseline. Generally safe; still test on your supported browsers."
"packages/scanner/report.html","281","html.elements.td","Tables","high","https://developer.mozilla.org/docs/Web/HTML/Reference/Elements/td","Widely Baseline. Generally safe; still test on your supported browsers."
"packages/scanner/report.html","281","html.elements.code","<code>","high","https://developer.mozilla.org/docs/Web/HTML/Reference/Elements/code","Widely Baseline. Generally safe; still test on your supported browsers."
"packages/scanner/report.html","282","html.elements.td","Tables","high","https://developer.mozilla.org/docs/Web/HTML/Reference/Elements/td","Widely Baseline. Generally safe; still test on your supported browsers."
"packages/scanner/report.html","283","html.elements.td","Tables","high","https://developer.mozilla.org/docs/Web/HTML/Reference/Elements/td","Widely Baseline. Generally safe; still test on your supported browsers."
"packages/scanner/report.html","284","html.elements.td","Tables","high","https://developer.mozilla.org/docs/Web/HTML/Reference/Elements/td","Widely Baseline. Generally safe; still test on your supported browsers."
"packages/scanner/report.html","284","html.elements.code","<code>","high","https://developer.mozilla.org/docs/Web/HTML/Reference/Elements/code","Widely Baseline. Generally safe; still test on your supported browsers."
"packages/scanner/report.html","285","html.elements.td","Tables","high","https://developer.mozilla.org/docs/Web/HTML/Reference/Elements/td","Widely Baseline. Generally safe; still test on your supported browsers."
"packages/scanner/report.html","285","html.elements.a","<a>","high","https://developer.mozilla.org/docs/Web/HTML/Reference/Elements/a","Widely Baseline. Generally safe; still test on your supported browsers."
"packages/scanner/report.html","286","html.elements.td","Tables","high","https://developer.mozilla.org/docs/Web/HTML/Reference/Elements/td","Widely Baseline. Generally safe; still test on your supported browsers."
"packages/scanner/report.html","288","html.elements.tr","Tables","high","https://developer.mozilla.org/docs/Web/HTML/Reference/Elements/tr","Widely Baseline. Generally safe; still test on your supported browsers."
"packages/scanner/report.html","289","html.elements.td","Tables","high","https://developer.mozilla.org/docs/Web/HTML/Reference/Elements/td","Widely Baseline. Generally safe; still test on your supported browsers."
"packages/scanner/report.html","289","html.elements.span","<span>","high","https://developer.mozilla.org/docs/Web/HTML/Reference/Elements/span","Widely Baseline. Generally safe; still test on your supported browsers."
"packages/scanner/report.html","290","html.elements.td","Tables","high","https://developer.mozilla.org/docs/Web/HTML/Reference/Elements/td","Widely Baseline. Generally safe; still test on your supported browsers."
"packages/scanner/report.html","290","html.elements.code","<code>","high","https://developer.mozilla.org/docs/Web/HTML/Reference/Elements/code","Widely Baseline. Generally safe; still test on your supported browsers."
"packages/scanner/report.html","291","html.elements.td","Tables","high","https://developer.mozilla.org/docs/Web/HTML/Reference/Elements/td","Widely Baseline. Generally safe; still test on your supported browsers."
"packages/scanner/report.html","292","html.elements.td","Tables","high","https://developer.mozilla.org/docs/Web/HTML/Reference/Elements/td","Widely Baseline. Generally safe; still test on your supported browsers."
"packages/scanner/report.html","293","html.elements.td","Tables","high","https://developer.mozilla.org/docs/Web/HTML/Reference/Elements/td","Widely Baseline. Generally safe; still test on your supported browsers."
"packages/scanner/report.html","293","html.elements.code","<code>","high","https://developer.mozilla.org/docs/Web/HTML/Reference/Elements/code","Widely Baseline. Generally safe; still test on your supported browsers."
"packages/scanner/report.html","294","html.elements.td","Tables","high","https://developer.mozilla.org/docs/Web/HTML/Reference/Elements/td","Widely Baseline. Generally safe; still test on your supported browsers."
"packages/scanner/report.html","295","html.elements.td","Tables","high","https://developer.mozilla.org/docs/Web/HTML/Reference/Elements/td","Widely Baseline. Generally safe; still test on your supported browsers."
"packages/scanner/report.html","297","html.elements.tr","Tables","high","https://developer.mozilla.org/docs/Web/HTML/Reference/Elements/tr","Widely Baseline. Generally safe; still test on your supported browsers."
"packages/scanner/report.html","298","html.elements.td","Tables","high","https://developer.mozilla.org/docs/Web/HTML/Reference/Elements/td","Widely Baseline. Generally safe; still test on your supported browsers."
"packages/scanner/report.html","298","html.elements.span","<span>","high","https://developer.mozilla.org/docs/Web/HTML/Reference/Elements/span","Widely Baseline. Generally safe; still test on your supported browsers."
"packages/scanner/report.html","299","html.elements.td","Tables","high","https://developer.mozilla.org/docs/Web/HTML/Reference/Elements/td","Widely Baseline. Generally safe; still test on your supported browsers."
"packages/scanner/report.html","299","html.elements.code","<code>","high","https://developer.mozilla.org/docs/Web/HTML/Reference/Elements/code","Widely Baseline. Generally safe; still test on your supported browsers."
"packages/scanner/report.html","300","html.elements.td","Tables","high","https://developer.mozilla.org/docs/Web/HTML/Reference/Elements/td","Widely Baseline. Generally safe; still test on your supported browsers."
"packages/scanner/report.html","301","html.elements.td","Tables","high","https://developer.mozilla.org/docs/Web/HTML/Reference/Elements/td","Widely Baseline. Generally safe; still test on your supported browsers."
"packages/scanner/report.html","302","html.elements.td","Tables","high","https://developer.mozilla.org/docs/Web/HTML/Reference/Elements/td","Widely Baseline. Generally safe; still test on your supported browsers."
"packages/scanner/report.html","302","html.elements.code","<code>","high","https://developer.mozilla.org/docs/Web/HTML/Reference/Elements/code","Widely Baseline. Generally safe; still test on your supported browsers."
"packages/scanner/report.html","303","html.elements.td","Tables","high","https://developer.mozilla.org/docs/Web/HTML/Reference/Elements/td","Widely Baseline. Generally safe; still test on your supported browsers."
"packages/scanner/report.html","304","html.elements.td","Tables","high","https://developer.mozilla.org/docs/Web/HTML/Reference/Elements/td","Widely Baseline. Generally safe; still test on your supported browsers."
"packages/scanner/examples/app.css","7","css.properties.color.rebeccapurple","","","","Feature is not in Baseline. Consider a fallback or feature detect before using (css.properties.color.rebeccapurple)."
"packages/scanner/report.html","27","html.elements.sum","","","","Feature is not in Baseline. Consider a fallback or feature detect before using (html.elements.sum)."